Dato;d_s [m];mm;m/s;C;tot_s [m]
2011-10-01;0.01;407.75;1.14;10.51;0.01
2011-10-02;0.01;408.5;1.61;8.87;0.02
2011-10-03;0.01;409.03;2.36;5.59;0.03
2011-10-04;0.01;415.74;5.69;2.79;0.04
2011-10-05;0.01;420.35;3.71;3.63;0.05
2011-10-06;0.01;424.21;3.09;2.42;0.06
2011-10-07;0.01;431.93;4.19;0.98;0.07
2011-10-08;0.01;433.73;2.93;-1.22;0.08
2011-10-09;0.01;441.32;2.47;-2.21;0.09
2011-10-10;-0.02;450.38;3.91;1.04;0.07
2011-10-11;0;453.26;4.22;-0.4;0.07
2011-10-12;0;454.47;4.37;0.3;0.07
2011-10-13;0;454.45;1.04;-6.21;0.07
2011-10-14;0;454.56;1.13;-2.74;0.07
2011-10-15;0;454.25;1.37;2.12;0.07
2011-10-16;0;454.27;0.68;0.08;0.07
2011-10-17;0;454.38;3.07;1.54;0.07
2011-10-18;0;456.61;3.06;0.81;0.07
2011-10-19;0;457.09;4.11;-1.34;0.07
2011-10-20;0;457.53;4.48;-2.15;0.07
2011-10-21;-0.03;458.19;2.74;-1.77;0.04
2011-10-22;0;460.15;2.56;2.29;0.04
2011-10-23;0;460.25;3.85;2.1;0.04
2011-10-24;0;460.29;3.91;-1.07;0.04
2011-10-25;-0.01;460.21;5.75;-0.68;0.03
2011-10-26;0;460.94;6.14;-0.77;0.03
2011-10-27;0.01;462.76;3.47;2.34;0.04
2011-10-28;0;466.44;4.04;1.6;0.04
2011-10-29;0;468.16;1.63;0.56;0.04
2011-10-30;0;468.68;3.21;3.12;0.04
2011-10-31;0;469.48;1.16;3.47;0.04
2011-11-01;0;469.49;2.77;5.17;0.04
2011-11-02;0;470.1;3.79;3.31;0.04
2011-11-03;0;470.1;3.79;3.31;0.04
2011-11-04;0;470.7;4.8;1.44;0.04
2011-11-05;0;472.03;3.7;3.19;0.04
2011-11-06;0;477.31;1.03;2.56;0.04
2011-11-07;-0.01;478.77;1.11;-1.03;0.03
2011-11-08;0;478.76;0.57;-1.91;0.03
2011-11-09;0;478.87;1.4;-1.71;0.03
2011-11-10;0;478.97;2.23;-1.5;0.03
2011-11-11;0;478.9;1.45;-3.24;0.03
2011-11-12;0;479.04;1.61;-2.71;0.03
2011-11-13;0;479.04;1.61;-2.71;0.03
2011-11-14;0;479.18;1.76;-2.18;0.03
2011-11-15;0;479.45;1.03;-6.12;0.03
2011-11-16;0;479.72;0.29;-10.06;0.03
2011-11-17;0;479.89;0.5;-9.41;0.03
2011-11-18;0.01;482.14;0.86;0.06;0.04
2011-11-19;0;483.74;0.7;-1.55;0.04
2011-11-20;0;483.74;0.7;-1.55;0.04
2011-11-21;-0.01;485.34;0.53;-3.15;0.03
2011-11-22;0;485.58;1.08;-4.64;0.03
2011-11-23;0;486.39;2.5;-1.53;0.03
2011-11-24;0.07;497.73;3.59;-1.2;0.1
2011-11-25;-0.01;502.57;5.62;-0.89;0.09
2011-11-26;0.02;511.87;6.04;-2.09;0.11
2011-11-27;0.03;532.87;4.75;-0.94;0.14
2011-11-28;-0.01;457.38;4.91;-1.28;0.13
2011-11-29;0;246.11;4.16;2.5;0.13
2011-11-30;-0.02;250.56;5.1;-1.12;0.11
2011-12-01;0;254.14;7.7;-0.28;0.11
2011-12-02;0.03;256.8;3.44;-6.86;0.14
2011-12-03;-0.01;258.07;5.57;-3.09;0.13
2011-12-04;0.14;262.31;7.45;-5.42;0.27
2011-12-05;0.07;263.67;6.96;-6.34;0.34
2011-12-06;-0.03;263.99;1.77;-14.19;0.31
2011-12-07;0;264.11;0.37;-22.41;0.31
2011-12-08;0;264.22;3.95;-17.43;0.31
2011-12-09;0.03;266.06;3.45;-6.86;0.34
2011-12-10;0.02;268.46;1.22;-7.46;0.36
2011-12-11;0.02;269.64;2.8;-7.34;0.38
2011-12-12;0.07;276.36;2.67;-7.44;0.45
2011-12-13;0.03;278.54;4.81;-5.75;0.48
2011-12-14;0.01;279.83;6.13;-1.42;0.49
2011-12-15;-0.03;281.12;2.75;-1.8;0.46
2011-12-16;0.05;285.28;0.48;-8.89;0.51
2011-12-17;-0.01;286.41;0.62;-17.24;0.5
2011-12-18;-0.02;286.6;2.24;-10.5;0.48
2011-12-19;-0.02;286.46;5.24;-3.53;0.46
2011-12-20;-0.01;286.53;1.11;-13.22;0.45
2011-12-21;-0.01;286.63;0.57;-14.9;0.44
2011-12-22;0.03;288.79;2.8;-3.9;0.47
2011-12-23;-0.02;291.01;4.96;0.04;0.45
2011-12-24;0.04;292.02;3.85;-3.46;0.49
2011-12-25;0.03;294.82;9.24;-0.23;0.52
2011-12-26;0.02;305.14;8.99;1.03;0.54
2011-12-27;0.2;323.04;11.89;-3.35;0.74
2011-12-28;-0.15;323.66;4.69;-2.54;0.59
2011-12-29;-0.07;325.7;3.01;-2.93;0.52
2011-12-30;-0.03;326.15;2.82;-8.02;0.49
2011-12-31;0;326.3;2.79;-13.69;0.49
2012-01-01;0.07;330.41;4.99;-7.63;0.56
2012-01-02;0.04;333.49;2.52;-6.83;0.6
2012-01-03;0.02;334.3;6.12;-7.1;0.62
2012-01-04;0.05;335.48;5.58;-4.53;0.67
2012-01-05;-0.03;336.14;0.89;-17.41;0.64
2012-01-06;0.01;336.15;4.02;-8.45;0.65
2012-01-07;0.09;340.8;1.79;-6.05;0.74
2012-01-08;0.02;343.23;0.59;-17.32;0.76
2012-01-09;0.01;346.47;2.19;-10.76;0.77
2012-01-10;0.01;349.89;4.44;-1.87;0.78
2012-01-11;0.09;353.9;7.36;-3.3;0.87
2012-01-12;0.07;364.27;7.44;-4.56;0.94
2012-01-13;0.05;366.32;7.68;-5.05;0.99
2012-01-14;-0.03;366.38;2.96;-5.26;0.96
2012-01-15;-0.03;366.22;3.69;-1.23;0.93
2012-01-16;-0.02;366.26;1.47;-4.59;0.91
2012-01-17;-0.01;366.38;2.1;-7.48;0.9
2012-01-18;0;367.88;4.38;-6.58;0.9
2012-01-19;0.05;373.01;3.32;-5.68;0.95
2012-01-20;0.01;374.9;0.97;-9.84;0.96
2012-01-21;0.02;375.82;5.57;-11.45;0.98
2012-01-22;0.06;376.99;3.77;-8.97;1.04
2012-01-23;-0.01;377.28;1.1;-15.91;1.03
2012-01-24;-0.02;377.42;0.89;-18.3;1.01
2012-01-25;-0.03;377.57;6.2;-16.32;0.98
2012-01-26;0.04;377.84;7.6;-10.44;1.02
2012-01-27;0.09;379.02;6.01;-8.29;1.11
2012-01-28;0.02;379.47;4.62;-9.83;1.13
2012-01-29;0.11;379.83;3.48;-13.44;1.24
2012-01-30;-0.05;380.17;1.7;-18.58;1.19
2012-01-31;-0.1;380.39;1.01;-25.74;1.09
2012-02-01;-0.01;380.36;1.09;-22.71;1.08
2012-02-02;0.01;381.34;4.23;-16.57;1.09
2012-02-03;0.03;382.98;2.47;-19.15;1.12
2012-02-04;-0.02;383.3;4.3;-17.95;1.1
2012-02-05;-0.01;384.46;3.07;-17.56;1.09
2012-02-06;0.1;391.07;2.88;-8.21;1.19
2012-02-07;0;392.34;0.94;-8.08;1.19
2012-02-08;-0.02;392.53;0.7;-18.54;1.17
2012-02-09;-0.01;392.86;2.37;-10.57;1.16
2012-02-10;0.01;393.81;3.31;-6.68;1.17
2012-02-11;0;393.95;4.8;-5.19;1.17
2012-02-12;-0.01;393.85;2.73;-5.94;1.16
2012-02-13;-0.01;394.58;3.13;-5.5;1.15
2012-02-14;-0.03;395.46;9.12;-4.3;1.12
2012-02-15;-0.04;396.6;5.24;-5.12;1.08
2012-02-16;-0.01;396.98;5.74;-2.2;1.07
2012-02-17;-0.01;397.63;3.29;-3.77;1.06
2012-02-18;0.06;399.19;4.13;-2.04;1.12
2012-02-19;0.04;400.31;5.2;-7.78;1.16
2012-02-20;0.05;401.35;5.5;-3.91;1.21
2012-02-21;-0.06;403.14;5.73;-4.91;1.15
2012-02-22;0.04;407.51;4.49;-2.65;1.19
2012-02-23;0.14;414.35;5.89;-1.32;1.33
2012-02-24;-0.04;421.06;10.62;-1.2;1.29
2012-02-25;-0.04;424.02;5.04;-4.33;1.25
2012-02-26;-0.01;424.2;0.74;-12.74;1.24
2012-02-27;0.03;426.81;3.61;-4.74;1.27
2012-02-28;-0.08;431.96;7.33;2.48;1.19
2012-02-29;0.09;433.6;5;2.65;1.28
2012-03-01;0.27;434.37;5.68;1.27;1.55
2012-03-02;-0.52;435.36;4.1;-5.01;1.03
2012-03-03;0.24;435.49;3.21;-8.89;1.27
2012-03-04;-0.02;435.57;5.18;-6;1.25
2012-03-05;-0.01;435.7;2.95;-7.98;1.24
2012-03-06;-0.02;437.19;2.91;-5.47;1.22
2012-03-07;-0.02;437.19;2.91;-5.47;1.2
2012-03-08;-0.01;438.68;2.87;-2.95;1.19
2012-03-09;-0.02;441.94;6.58;1.42;1.17
2012-03-10;-0.02;444.48;9.45;-2.51;1.15
2012-03-11;-0.02;445.55;10.38;0.84;1.13
2012-03-12;-0.01;445.53;8.07;2;1.12
2012-03-13;-0.02;445.45;7.97;2.31;1.1
2012-03-14;-0.02;445.4;3.54;1.59;1.08
2012-03-15;-0.01;445.39;3.79;0.82;1.07
2012-03-16;-0.02;445.98;2.9;0.87;1.05
2012-03-17;-0.02;448.18;2.87;-0.8;1.03
2012-03-18;-0.01;449.36;4.45;-3.29;1.02
2012-03-19;-0.02;451.31;6.77;-6.51;1
2012-03-20;-0.02;454.85;5.59;0.81;0.98
2012-03-21;-0.01;456.23;7.12;2.8;0.97
2012-03-22;-0.02;456.68;6.79;2.57;0.95
2012-03-23;-0.02;456.68;1.78;0.34;0.93
2012-03-24;-0.02;456.68;3.76;0.38;0.91
2012-03-25;-0.01;456.6;2.85;3.15;0.9
2012-03-26;-0.02;456.77;4.16;2.61;0.88
2012-03-27;-0.02;456.9;6.24;4.11;0.86
2012-03-28;-0.01;457.76;8.82;1.28;0.85
2012-03-29;-0.02;458.36;10.91;-0.21;0.83
2012-03-30;-0.02;458.55;9.63;-2.91;0.81
2012-03-31;-0.01;459;4.27;-5.2;0.8
2012-04-01;-0.02;459.14;7.15;-5.69;0.78
2012-04-02;-0.02;459.35;5.33;-8.69;0.76
2012-04-03;-0.01;459.32;1.46;-11.18;0.75
2012-04-04;-0.02;459.32;2.31;-9.93;0.73
2012-04-05;-0.02;459.87;4.6;-3.79;0.71
2012-04-06;-0.02;460.77;3.33;-6.77;0.69
2012-04-07;-0.01;460.89;1.58;-13.02;0.68
2012-04-08;-0.02;461.12;1.84;-10.36;0.66
2012-04-09;-0.02;463.21;5.57;-3.78;0.64
2012-04-10;-0.01;464.9;6.1;-1.93;0.63
2012-04-11;-0.02;466.37;3.53;-0.58;0.61
2012-04-12;-0.02;467.32;1.55;-1.37;0.59
2012-04-13;-0.01;467.53;4.16;-2.83;0.58
2012-04-14;-0.02;468.83;1.13;-3.91;0.56
2012-04-15;-0.02;471.49;2.92;-4.46;0.54
2012-04-16;-0.02;471.93;1.76;-7.05;0.52
2012-04-17;-0.01;471.99;1.15;-10.44;0.51
2012-04-18;-0.02;472.04;4.33;-5.9;0.49
2012-04-19;-0.02;471.99;5.3;-1.46;0.47
2012-04-20;-0.01;472.1;5.49;-0.64;0.46
2012-04-21;-0.02;472.53;1.97;-2.83;0.44
2012-04-22;-0.02;336.13;3.06;-4.09;0.42
2012-04-23;-0.01;244.59;2.93;-0.03;0.41
2012-04-24;-0.02;245.54;1.4;-0.34;0.39
2012-04-25;-0.02;247.94;3.71;-1.42;0.37
2012-04-26;-0.01;256.46;5.21;0.39;0.36
2012-04-27;-0.02;258.78;2.94;0.56;0.34
2012-04-28;-0.02;260.08;5.51;-2.44;0.32
2012-04-29;-0.02;259.97;1.53;-2.06;0.3
2012-04-30;-0.01;259.85;1.72;1.42;0.29
2012-05-01;-0.02;259.74;1.62;2.36;0.27
2012-05-02;-0.02;259.63;3.8;3.78;0.25
2012-05-03;-0.01;261.07;1.32;1.22;0.24
2012-05-04;-0.02;269.25;1.39;-0.88;0.22
2012-05-05;-0.02;275.17;3.97;-4.27;0.2
2012-05-06;-0.01;276.13;4.04;-4.5;0.19
2012-05-07;-0.02;276.29;2.84;-1.67;0.17
2012-05-08;-0.02;276.58;3.48;-2.05;0.15
2012-05-09;-0.01;277.62;3.46;1.75;0.14
2012-05-10;-0.02;277.57;2.57;1.33;0.12
2012-05-11;-0.02;279.98;3.62;1.54;0.1
2012-05-12;-0.02;280.74;5.57;-0.24;0.08
2012-05-13;-0.01;280.72;4.59;1.09;0.07
2012-05-14;-0.02;281.47;6.24;1.96;0.05
2012-05-15;-0.02;283.12;2.85;1.93;0.03
2012-05-16;-0.01;283.47;2.81;1.03;0.02
2012-05-17;-0.02;284.08;2.37;2.55;0
2012-05-18;0;284.01;2.91;1.29;0
2012-05-19;0;284.22;1.2;0.3;0
2012-05-20;0;286.04;1.47;3.47;0
2012-05-21;0;285.95;1.7;5.91;0
2012-05-22;0;285.83;1.6;7.09;0
2012-05-23;0;285.72;1.22;8.45;0
2012-05-24;0;285.59;1.17;8.9;0
2012-05-25;0;285.49;1.51;8.29;0
2012-05-26;0;285.37;1.73;8.27;0
2012-05-27;0;285.25;2.9;9.27;0
2012-05-28;0;285.17;3.81;5.93;0
2012-05-29;0;285.11;2.5;2.88;0
2012-05-30;0;285.04;2.6;3.15;0
2012-05-31;0;285.04;2.91;1.92;0
2012-06-01;0;285.8;2.71;0.12;0
2012-06-02;0;285.98;2.97;-0.33;0
2012-06-03;0;285.89;3.89;2.03;0
2012-06-04;0;285.81;2.29;3.5;0
2012-06-05;0;285.77;2.4;3.71;0
2012-06-06;0;285.8;2.33;4.94;0
2012-06-07;0;285.9;1.83;6.68;0
2012-06-08;0;286.19;1.81;7.24;0
2012-06-09;0;286.39;2.27;5.83;0
2012-06-10;0;286.49;1.66;8.32;0
2012-06-11;0;286.43;1.28;8.5;0
2012-06-12;0;286.56;2.57;7.62;0
2012-06-13;0;290.11;1.33;6.43;0
2012-06-14;0;294.35;2.02;5.18;0
2012-06-15;0;294.69;3.04;5.6;0
2012-06-16;0;296.58;3.54;4.22;0
2012-06-17;0;298.73;2.03;7.01;0
2012-06-18;0;300.83;1.45;6.54;0
2012-06-19;0;306.82;4.53;4.28;0
2012-06-20;0;306.79;1.95;4.6;0
2012-06-21;0;306.7;1.8;7.65;0
2012-06-22;0;306.59;3.56;9.87;0
2012-06-23;0;307.19;4.01;6.84;0
2012-06-24;0;309.46;2.65;7.2;0
2012-06-25;0;310.15;2.33;9.23;0
2012-06-26;0;310.15;2.8;6.89;0
2012-06-27;0;310.09;1.92;6.71;0
2012-06-28;0;309.99;1.47;7.57;0
2012-06-29;0;313.66;3.66;6.66;0
2012-06-30;0;317.72;2.5;9.75;0
2012-07-01;0;318.77;2.18;8.92;0
2012-07-02;0;319.18;2.81;6.62;0
2012-07-03;0;319.75;1.36;8.59;0
2012-07-04;0;326.67;2.04;9.4;0
2012-07-05;0;327.19;1.44;11.78;0
2012-07-06;0;327.13;2.52;13.3;0
2012-07-07;0;329.62;2.06;11.91;0
2012-07-08;0;336.24;1.79;12.49;0
2012-07-09;0;336.71;2.36;11.99;0
2012-07-10;0;339.72;2.18;11.83;0
2012-07-11;0;349.54;2.7;10.61;0
2012-07-12;0;354.17;1.68;9.61;0
2012-07-13;0;363.64;2.2;9.02;0
2012-07-14;0;365.18;1.97;8.34;0
2012-07-15;0;365.32;2.7;6.66;0
2012-07-16;0;365.71;3.1;6.45;0
2012-07-17;0;365.85;3.33;5.89;0
2012-07-18;0;366.04;1.7;7.21;0
2012-07-19;0;368.26;2.14;7.72;0
2012-07-20;0;374.35;1.81;6.25;0
2012-07-21;0;376.57;3.47;5.24;0
2012-07-22;0;378.51;2.65;6.63;0
2012-07-23;0;385.67;2.6;9.88;0
2012-07-24;0;385.87;2.15;10.36;0
2012-07-25;0;385.89;2.58;9.31;0
2012-07-26;0;385.76;1.46;10.73;0
2012-07-27;0;385.87;2.39;11.43;0
2012-07-28;0;386.55;3.11;9.17;0
2012-07-29;0;389.06;1.97;9.88;0
2012-07-30;0;390.7;1.53;9.09;0
2012-07-31;0;399.8;1.61;6.98;0
2012-08-01;0;403.75;2.63;8.21;0
2012-08-02;0;406.77;2.26;9.09;0
2012-08-03;0;407.83;2.26;11.59;0
2012-08-04;0;408.16;1.71;8.97;0
2012-08-05;0;408.47;1.17;7.75;0
2012-08-06;0;408.48;2.03;7.55;0
2012-08-07;0;410.53;1.57;8.81;0
2012-08-08;0;414.68;3.14;8.32;0
2012-08-09;0;415.01;2.39;6.88;0
2012-08-10;0;415.95;1.86;7.87;0
2012-08-11;0;415.95;1.95;10.94;0
2012-08-12;0;415.87;1.36;12.35;0
2012-08-13;0;415.88;1.76;12.12;0
2012-08-14;0;415.86;2.53;11.2;0
2012-08-15;0;415.76;1.73;8.85;0
2012-08-16;0;415.74;1.85;9.9;0
2012-08-17;0;416.36;0.99;11.38;0
2012-08-18;0;430.37;2.14;10.79;0
2012-08-19;0;458.95;3.32;11.82;0
2012-08-20;0;459.98;1.7;9.82;0
2012-08-21;0;467.84;2.37;9.71;0
2012-08-22;0;469.56;0.96;8.4;0
2012-08-23;0;477.73;1.73;7.93;0
2012-08-24;0;482.5;1.41;6.45;0
2012-08-25;0;483.02;1.14;5.71;0
2012-08-26;0;484.85;1.74;6.4;0
2012-08-27;0;486.09;1.84;6.38;0
2012-08-28;0;486.54;3.43;8.1;0
2012-08-29;0;487.55;2.16;8.37;0
2012-08-30;0;491.85;3.58;8.71;0
2012-08-31;0;493.65;1.45;5.78;0
2012-09-01;0;493.69;1.09;5.17;0
2012-09-02;0;497.08;3.13;8.2;0
2012-09-03;0;500.97;3.04;8.5;0
2012-09-04;0;502.7;5.4;8.37;0
2012-09-05;0;508.79;7.02;3.44;0
2012-09-06;0;510.23;2.15;1.82;0
2012-09-07;0;512.16;6.32;4.11;0
2012-09-08;0;512.68;5.18;2.16;0
2012-09-09;0;368.32;1.5;2.41;0
2012-09-10;0;248.31;1.61;9.31;0
2012-09-11;0;250.65;3.21;7.15;0
2012-09-12;0;251.75;2.33;2.04;0
2012-09-13;0;252.2;3.68;2.24;0
2012-09-14;0;258.78;4.69;4.82;0
2012-09-15;0;263.24;4.95;5.18;0
2012-09-16;0;264.37;2.74;6.76;0
2012-09-17;0;267.55;2.95;3.6;0
2012-09-18;0;268.33;2.33;2.93;0
2012-09-19;0;268.93;2.81;0.76;0
2012-09-20;0;270.06;2.45;0.23;0
2012-09-21;0;270.44;1.09;0.79;0
2012-09-22;0;270.39;1;-1.06;0
2012-09-23;0;270.32;1.03;-0.35;0
2012-09-24;0;270.26;2.69;0.33;0
2012-09-25;0;271.16;5.91;0.33;0
2012-09-26;0;272.26;3.47;1.26;0
2012-09-27;0;272.51;1.06;3.03;0
2012-09-28;0;272.51;1.5;2.42;0
2012-09-29;0;272.53;1.64;2.73;0
2012-09-30;0;273.75;1.58;2.6;0
2012-10-01;0;277.91;1.54;4.23;0
2012-10-02;0;278.41;2.4;3.57;0
2012-10-03;0;285.1;3.97;3.84;0
2012-10-04;0;290.14;1.94;3.03;0
2012-10-05;0;290.2;1.35;0.46;0
2012-10-06;0;290.18;2.17;1.15;0
2012-10-07;0;290.17;5.04;1.94;0
2012-10-08;0;291.42;2.42;-0.16;0
2012-10-09;0;293.07;2.04;-2.55;0
2012-10-10;0;293.21;1.6;-1.07;0
2012-10-11;0;293.39;0.93;-2.98;0
2012-10-12;0;293.43;3.16;-4.4;0
2012-10-13;0;294.63;3.69;-2.86;0
2012-10-14;0;295.82;4.76;-2.93;0
2012-10-15;0;300.57;6.09;-1.42;0
2012-10-16;0;301.02;3.23;-1.82;0
2012-10-17;0;302.04;2.28;-0.24;0
2012-10-18;0;303.86;3.08;1.58;0
2012-10-19;0;307.51;1.47;0.3;0
2012-10-20;0;308.75;2.77;-0.69;0
2012-10-21;0;311.08;0.99;0.83;0
2012-10-22;0;311;1.5;-0.23;0
2012-10-23;0;310.93;2.55;0.41;0
2012-10-24;0;311.3;3.98;0.27;0
2012-10-25;0;311.96;5.32;-5.46;0
2012-10-26;0;313.57;5.11;-5.94;0
2012-10-27;0;313.79;2.5;-6.39;0
2012-10-28;0;314.02;1.26;-9.1;0
2012-10-29;0;317.73;1.63;-7.68;0
2012-10-30;0;319.11;3.49;-4.13;0
2012-10-31;0;319.11;3.49;-4.13;0
2012-11-01;0;320.48;5.35;-0.58;0
2012-11-02;0;323.88;4.3;-2.16;0
2012-11-03;0.03;325.75;3.64;-1.97;0.03
2012-11-04;-0.01;326.18;1.94;-2.75;0.02
2012-11-05;0;326.34;0.43;-13.52;0.02
2012-11-06;0.04;328.47;3.76;-5.66;0.06
2012-11-07;-0.02;331.03;5.1;-4.06;0.04
2012-11-08;0.06;336.83;3.37;-2.52;0.1
2012-11-09;0;337.85;4.12;-4.28;0.1
2012-11-10;-0.01;338.74;3.4;0.92;0.09
2012-11-11;-0.01;340.23;4.29;-0.27;0.08
2012-11-12;0;341.68;4.89;-2.51;0.08
2012-11-13;0;342.17;1.58;-5.23;0.08
2012-11-14;-0.02;344.89;3.28;1.98;0.06
2012-11-15;0;350.76;5.37;0.41;0.06
2012-11-16;0.01;351.47;1.87;1.06;0.07
2012-11-17;0.01;353.25;3.53;0.11;0.08
2012-11-18;0.03;356.12;2.51;-2.77;0.11
2012-11-19;0.02;357.71;3.39;-1.66;0.13
2012-11-20;-0.03;359.92;3.65;-1.04;0.1
2012-11-21;0;359.92;3.65;-1.04;0.1
2012-11-22;-0.03;362.13;3.91;-0.41;0.07
2012-11-23;-0.01;362.89;4.69;0.84;0.06
2012-11-24;-0.01;364.64;0.66;-4.3;0.05
2012-11-25;0.01;364.78;3.7;-7.8;0.06
2012-11-26;0.01;365.17;5.47;-5.99;0.07
2012-11-27;0;365.66;3.95;-5.39;0.07
2012-11-28;0.01;366.87;2.23;-6.98;0.08
2012-11-29;0.02;368.26;1.45;-8.57;0.1
2012-11-30;0.05;372.45;1.77;-15.34;0.15
2012-12-01;0;373.19;0.67;-21.16;0.15
2012-12-02;-0.01;373.4;0.64;-29.16;0.14
2012-12-03;0;373.5;0.51;-29.78;0.14
2012-12-04;0.01;373.55;0.47;-29.72;0.15
2012-12-05;0.01;374.23;0.29;-25.34;0.16
2012-12-06;0;374.34;0.34;-25.86;0.16
2012-12-07;0;374.4;0.31;-27.32;0.16
2012-12-08;0;374.39;0.46;-24.42;0.16
2012-12-09;0;374.67;4.34;-15.25;0.16
2012-12-10;-0.01;374.88;0.72;-22.35;0.15
2012-12-11;0;374.85;0.6;-17.93;0.15
2012-12-12;0;374.91;0.37;-22.13;0.15
2012-12-13;0.01;375.03;0.56;-19.91;0.16
2012-12-14;0;375.12;3.06;-17.11;0.16
2012-12-15;0.03;375.77;7.94;-10.25;0.19
2012-12-16;0.01;378.09;6.17;-5.11;0.2
2012-12-17;-0.01;378.37;5.03;-4.2;0.19
2012-12-18;-0.01;378.58;1.97;-6.36;0.18
2012-12-19;0;378.76;0.64;-17.47;0.18
2012-12-20;0;378.86;0.53;-21.47;0.18
2012-12-21;0.01;378.84;2.34;-16.26;0.19
2012-12-22;0.03;378.98;4.7;-13.21;0.22
2012-12-23;0.03;379.34;7.32;-12.08;0.25
2012-12-24;0.03;380.25;5.99;-12.09;0.28
2012-12-25;0;381.72;3.54;-10.79;0.28
2012-12-26;0.04;386.56;4.51;-7.94;0.32
2012-12-27;0.01;388.66;7.45;-9.64;0.33
2012-12-28;0.1;395.37;5.78;-6.24;0.43
2012-12-29;0;395.37;5.78;-6.24;0.43
2012-12-30;0;395.37;5.78;-6.24;0.43
2012-12-31;0;395.37;5.78;-6.24;0.43
2013-01-01;0.1;402.07;4.11;-2.83;0.53
2013-01-02;-0.01;402.28;3.94;-3.04;0.52
2013-01-03;0.01;407.44;7.71;-0.58;0.53
2013-01-04;-0.01;408.54;7.26;1.02;0.52
2013-01-05;-0.03;408.66;3.09;1.03;0.49
2013-01-06;-0.02;408.69;1.47;-2.08;0.47
2013-01-07;0;408.91;2.13;-4.71;0.47
2013-01-08;0;409.59;2.27;-4.8;0.47
2013-01-09;0;409.97;1.52;-5.25;0.47
2013-01-10;0;410.21;1.05;-15.59;0.47
2013-01-11;0;410.21;1.05;-15.59;0.47
2013-01-12;0;410.44;0.57;-25.92;0.47
2013-01-13;0;410.46;0.42;-26.2;0.47
2013-01-14;-0.01;410.46;0.53;-26.26;0.46
2013-01-15;0.01;410.48;0.39;-28.22;0.47
2013-01-16;0;410.41;0.34;-25.56;0.47
2013-01-17;0;410.4;0.42;-24.98;0.47
2013-01-18;0;410.47;0.27;-27.05;0.47
2013-01-19;-0.01;410.4;0.36;-23.16;0.46
2013-01-20;0.02;410.52;2.09;-11.2;0.48
2013-01-21;0;411.56;1.21;-21.29;0.48
2013-01-22;-0.01;411.68;0.8;-25.29;0.47
2013-01-23;0;411.68;0.91;-24.89;0.47
2013-01-24;0;411.71;0.62;-26;0.47
2013-01-25;0.02;411.65;1.09;-12.51;0.49
2013-01-26;0.02;412.91;1.63;-13.18;0.51
2013-01-27;0.01;413.99;5.58;-12.1;0.52
2013-01-28;0;416.92;2.75;-4.76;0.52
2013-01-29;-0.01;417.62;4.42;-4.54;0.51
2013-01-30;0.03;419.55;4.28;-3.15;0.54
2013-01-31;0.03;421.76;3.98;-5.75;0.57
2013-02-01;0;421.76;3.98;-5.75;0.57
2013-02-02;0;421.76;3.98;-5.75;0.57
2013-02-03;0;421.76;3.98;-5.75;0.57
2013-02-04;0.02;423.96;3.67;-8.34;0.59
2013-02-05;0.02;425.76;1.72;-7.6;0.61
2013-02-06;-0.01;425.87;1.22;-13.26;0.6
2013-02-07;-0.01;425.99;0.67;-21.11;0.59
2013-02-08;-0.01;426.05;0.99;-24.57;0.58
2013-02-09;0;426.07;0.8;-24.97;0.58
2013-02-10;0.01;426.22;1.04;-13.95;0.59
2013-02-11;0;426.56;0.58;-17.58;0.59
2013-02-12;0.01;426.9;1.07;-16.64;0.6
2013-02-13;0.01;427.03;0.89;-11.42;0.61
2013-02-14;0;427.03;0.89;-11.42;0.61
2013-02-15;0;427.03;0.89;-11.42;0.61
2013-02-16;0;427.16;0.7;-6.2;0.61
2013-02-17;0.03;430.02;3.57;-2.47;0.64
2013-02-18;0;430.69;2.32;-9.06;0.64
2013-02-19;0;430.69;2.32;-9.06;0.64
2013-02-20;-0.01;431.36;1.07;-15.65;0.63
2013-02-21;-0.01;431.46;0.58;-19.64;0.62
2013-02-22;0;431.39;0.94;-14.13;0.62
2013-02-23;0;431.39;0.73;-7.32;0.62
2013-02-24;0;431.44;0.57;-13.44;0.62
2013-02-25;-0.01;431.47;0.54;-14.77;0.61
2013-02-26;0.01;431.36;2.16;-7.11;0.62
2013-02-27;0;431.3;4.48;-5.04;0.62
2013-02-28;-0.01;431.33;9.44;-1.49;0.61
2013-03-01;-0.01;431.48;5.49;-5.01;0.6
2013-03-02;0.01;431.62;11.22;-3.52;0.61
2013-03-03;0;431.86;7.26;-5.59;0.61
2013-03-04;0.01;431.93;4.81;-2.32;0.62
2013-03-05;0;432.03;2.79;-2.77;0.62
2013-03-06;0;432.32;3.03;-6.3;0.62
2013-03-07;-0.01;432.45;1.75;-14.98;0.61
2013-03-08;0;432.45;1.22;-16.84;0.61
2013-03-09;0.01;432.46;3.4;-12.96;0.62
2013-03-10;-0.01;432.7;0.95;-20.63;0.61
2013-03-11;0;432.69;1.82;-17.17;0.61
2013-03-12;0.01;432.59;3.38;-9.81;0.62
2013-03-13;-0.01;432.76;0.9;-20.51;0.61
2013-03-14;0;432.69;1.01;-16.99;0.61
2013-03-15;0.01;432.71;1.6;-18.63;0.62
2013-03-16;0.01;433.5;4.01;-12.94;0.63
2013-03-17;0.01;434.28;6.41;-7.24;0.64
2013-03-18;0.02;434.35;5.97;-9.53;0.66
2013-03-19;0.03;434.78;3.95;-15.52;0.69
2013-03-20;0.02;435.15;2.42;-15.57;0.71
2013-03-21;0;435.15;2.42;-15.57;0.71
2013-03-22;0;435.15;2.42;-15.57;0.71
2013-03-23;0.02;435.52;0.88;-15.61;0.73
2013-03-24;0;435.55;0.98;-16.72;0.73
2013-03-25;-0.01;435.55;1.22;-16.58;0.72
2013-03-26;0;435.54;0.78;-16.17;0.72
2013-03-27;0;435.54;1.22;-15.73;0.72
2013-03-28;-0.01;435.51;0.91;-14.57;0.71
2013-03-29;0;435.51;1.4;-15.32;0.71
2013-03-30;0;435.5;0.94;-14.35;0.71
2013-03-31;0;435.51;2.14;-13.51;0.71
2013-04-01;-0.01;435.46;1.15;-11.44;0.7
2013-04-02;0;435.44;1.25;-10.89;0.7
2013-04-03;0;435.4;1.17;-9.13;0.7
2013-04-04;0;435.4;1.29;-10.33;0.7
2013-04-05;0;435.4;1.61;-10.12;0.7
2013-04-06;0.02;436.07;4.72;-6.51;0.72
2013-04-07;-0.01;436.17;3.04;-8.28;0.71
2013-04-08;-0.01;436.18;1.17;-12.36;0.7
2013-04-09;0;436.19;1.01;-13.8;0.7
2013-04-10;0;436.17;1.24;-12.6;0.7
2013-04-11;0.01;436.36;4.44;-7.66;0.71
2013-04-12;0;436.51;4.63;-5.16;0.71
2013-04-13;0;436.7;1.54;-5.88;0.71
2013-04-14;-0.01;437.51;5;-4.15;0.7
2013-04-15;-0.07;443.79;4.09;3.89;0.63
2013-04-16;-0.06;444;4.15;2.76;0.57
2013-04-17;-0.04;444.8;5.34;1.24;0.53
2013-04-18;-0.04;446.09;4.88;2.35;0.49
2013-04-19;-0.03;446.65;5.93;-1.04;0.46
2013-04-20;0.01;446.81;3.25;-2.56;0.47
2013-04-21;-0.01;446.91;3.68;-1.24;0.46
2013-04-22;-0.01;447;4.11;0.09;0.45
2013-04-23;0.05;448.85;6.77;-1.09;0.5
2013-04-24;0.19;452.4;6.8;-1.87;0.69
2013-04-25;-0.02;455.17;4.2;-1.08;0.67
2013-04-26;-0.01;457.26;2.49;-1.78;0.66
2013-04-27;-0.03;457.32;1.23;-4.69;0.63
2013-04-28;0;457.54;3.41;-3.31;0.63
2013-04-29;0;458.29;3.44;-0.24;0.63
2013-04-30;0.01;459.94;5.63;-2.12;0.64
2013-05-01;-0.01;460.16;3.37;-3.48;0.63
2013-05-02;0.01;460.54;5.85;-3.72;0.64
2013-05-03;0.04;461.84;3.94;-2.42;0.68
2013-05-04;0.01;463.46;3.9;-3.33;0.69
2013-05-05;-0.03;464.91;3.56;1.95;0.66
2013-05-06;-0.07;464.89;2.56;5.2;0.59
2013-05-07;-0.07;464.93;2.53;4.11;0.52
2013-05-08;-0.03;465.05;2.07;3.71;0.49
2013-05-09;-0.12;468.72;2.21;1.98;0.37
2013-05-10;0;470.82;3.48;1.98;0.37
2013-05-11;0;472.21;3.14;1.98;0.37
2013-05-12;0;473.3;3.17;1.98;0.37
2013-05-13;0;474.22;3.16;1.98;0.37
2013-05-14;-0.13;475.58;2.43;0.24;0.24
2013-05-15;-0.01;477.34;5.65;0.32;0.23
2013-05-16;-0.06;494.62;4.2;4.12;0.17
2013-05-17;-0.08;500.09;3.31;5.7;0.09
2013-05-18;-0.08;500.92;1.57;7.73;0.01
2013-05-19;-0.01;500.75;1.87;9.56;0
2013-05-20;0.01;378.85;2.06;5.3;0.01
2013-05-21;0;378.85;2.06;5.3;0.01
2013-05-22;0.01;256.95;2.25;1.03;0.02
2013-05-23;0;278.18;3.01;3.59;0.02
2013-05-24;-0.02;283.48;1.66;4.43;0
2013-05-25;0;283.27;1.65;7.92;0
2013-05-26;0;283.07;1.91;9.88;0
2013-05-27;0;283.16;3.4;6.97;0
2013-05-28;0;283.34;3;5.95;0
2013-05-29;0;283.36;2.82;10.91;0
2013-05-30;0;284.1;1.35;9.55;0
2013-05-31;0;287.1;1.48;10.68;0
2013-06-01;0;290.09;1.62;9.61;0
2013-06-02;0;295.02;2.75;5.9;0
2013-06-03;0;296.01;4.75;5.63;0
2013-06-04;0;299.67;3.91;5.25;0
2013-06-05;0;299.67;3.91;5.25;0
2013-06-06;0;303.32;3.06;4.86;0
2013-06-07;0;303.51;2.85;5.08;0
2013-06-08;0;303.6;3.25;5.13;0
2013-06-09;0;303.49;2.74;5.83;0
2013-06-10;0;303.39;1.81;7.2;0
2013-06-11;0;303.24;1.75;8.99;0
2013-06-12;0;303.23;3.41;9.57;0
2013-06-13;0;307.12;3.03;8.05;0
2013-06-14;0;309.17;5.01;6.41;0
2013-06-15;0;310.15;2.13;7.57;0
2013-06-16;0;311.78;2.19;8.02;0
2013-06-17;0;311.78;2.19;8.02;0
2013-06-18;0;313.41;2.25;8.46;0
2013-06-19;0;314.63;1.37;9.87;0
2013-06-20;0;321.75;2.3;9.93;0
2013-06-21;0;322.62;2.32;9.15;0
2013-06-22;0;338.67;2.05;10.81;0
2013-06-23;0;341.18;2.85;9.65;0
2013-06-24;0;345.09;2.19;8.07;0
2013-06-25;0;347.57;2.56;8.83;0
2013-06-26;0;348.72;1.72;8.14;0
2013-06-27;0;352.62;1.94;9.8;0
2013-06-28;0;354.1;2.79;10.22;0
2013-06-29;0;356.41;2.97;5.62;0
2013-06-30;0;358.47;1.67;9.16;0
2013-07-01;0;358.81;2.51;9.84;0
2013-07-02;0;359.97;2.09;7.53;0
2013-07-03;0;361.26;1.67;7.47;0
2013-07-04;0;365.85;2.07;10.49;0
2013-07-05;0;366.76;3.73;8.1;0
2013-07-06;0;366.95;2.9;12.13;0
2013-07-07;0;366.8;4.99;10.72;0
2013-07-08;0;366.77;2.71;9.31;0
2013-07-09;0;367.65;4.7;9.66;0
2013-07-10;0;368.43;3.35;9.82;0
2013-07-11;0;368.33;1.56;9.63;0
2013-07-12;0;368.2;2;11.63;0
2013-07-13;0;369.25;3.59;10.2;0
2013-07-14;0;369.92;5.3;5.75;0
2013-07-15;0;370.9;5.6;7.14;0
2013-07-16;0;372.09;3.64;8.02;0
2013-07-17;0;372.57;4.3;10.79;0
2013-07-18;0;374.65;4.89;9.94;0
2013-07-19;0;377.93;3.69;10.83;0
